{
  "posts": [
    {
      "id": 1,
      "nome": "Paulo",
      "mensagem": "Seja bem vindo ao meu blog pessoal!"
    },
    {
      "id": 2,
      "nome": "Isadora",
      "mensagem": "Este blog é muito legal!"
    },
    {
      "id": 3,
      "nome": "Luciano",
      "mensagem": "Esta é minha primeira postagem!"
    },
    {
      "id": 4,
      "nome": "Anna",
      "mensagem": "Está é uma nova postagem!"
    },
    {
      "nome": "Paulo Alves",
      "mensagem": "Este é um teste de adição de comentários!",
      "id": 5
    }
  ]
}